Baseline,1,9.912,0.9875,1.067,1.994,1.566,0.2678,0.4675,0.9023
Baseline,2,10.49,1.132,1.216,1.625,1.331,0.4074,0.4284,0.8179
Baseline,3,10.45,1.205,1.21,2.126,1.254,0.2984,0.3832,0.8683
Baseline,4,10.18,1.152,0.96,1.787,1.551,0.5523,0.6647,0.948
Loose Knife,5,10.38,2.273,0.7677,1.127,1.78,1.81,0.9117,2.546
Loose Knife,6,10.24,2.266,1.761,1.128,1.885,2.138,1.282,3.112
Loose Knife,7,9.981,1.834,0.8084,0.8569,1.378,1.05,0.5616,2.028
Loose Knife,8,9.904,1.891,1.51,0.8978,1.282,1.19,0.9188,1.902
No Belt,9,10.29,2.583,3.294,1.313,0.9092,0.5965,0.41,0.7789
No Belt,10,9.867,2.203,3.738,2.139,1.174,0.3546,0.7818,0.7525
No Belt,11,10.66,2.931,2.8,1.653,1.211,0.2882,0.4671,0.4082
No Belt,12,11.01,3.352,3.481,1.543,0.8477,0,0.3407,0.4162
No Knife,13,9.972,0.8554,1.524,0.958,0.5996,0.4303,0.5228,0.4268
No Knife,14,9.953,1.041,1.468,1.408,0.751,0.3561,0.791,0.4874
No Knife,15,8.905,0.6516,1.379,1.119,0.6322,0,0.7289,0.5727
No Knife,16,9.638,1.145,1.438,0.9584,0.4509,0,0.5229,0.3557
No Knife,16,9.638,1.145,1.438,0.9584,0.4509,0,0.5229,0.3557
Baseline,17,10.42708908,1.177662976,1.19080484,2.022404969,1.524247074,0.462472917,0.564029799,0.918690473
Baseline,18,10.47601659,1.194601489,1.213246061,2.062743104,1.552820467,0.485910425,0.586622922,0.928692317
Baseline,19,10.05759419,1.049745294,1.021331345,1.717776048,1.30846413,0.285475581,0.393409159,0.843157708
Baseline,20,10.48009114,1.196012082,1.215114905,2.066102355,1.555199982,0.487862237,0.588504416,0.929525244
Baseline,21,10.32911159,1.143743555,1.14586623,1.941627734,1.467028772,0.41553924,0.518787005,0.898661751
Baseline,22,10.04177375,1.04426832,1.014075102,1.704732937,1.299225082,0.277897194,0.386103799,0.839923668
Baseline,23,10.13899551,1.077926112,1.058667088,1.784887115,1.356002044,0.324468859,0.430997623,0.859797902
Baseline,24,10.28318766,1.127844869,1.124802638,1.903765888,1.440209452,0.393540522,0.497580836,0.889273903
Baseline,25,10.50380104,1.204220356,1.225989749,2.085649908,1.56904643,0.499219874,0.599452871,0.934372061
Baseline,26,10.50776694,1.205593338,1.227808763,2.088919587,1.571362497,0.501119643,0.601284197,0.935182778
Baseline,27,10.07404852,1.055441718,1.028878331,1.731341769,1.318073365,0.293357618,0.401007229,0.84652133
Baseline,28,10.51083162,1.206654316,1.229214414,2.091446249,1.57315225,0.502587699,0.602699363,0.935809264
Baseline,29,10.50361843,1.204157138,1.225905994,2.085499357,1.568939787,0.4991324,0.599368548,0.934334732
Baseline,30,10.25014289,1.1164049,1.109646238,1.876522231,1.420911493,0.377711248,0.482321845,0.882518837
Baseline,31,10.41932929,1.174976567,1.187245714,2.016007432,1.519715399,0.458755782,0.560446582,0.917104203
Baseline,32,10.06559914,1.052516575,1.025002915,1.724375702,1.313138974,0.289310152,0.397105582,0.844794093
Baseline,33,10.21596531,1.104572755,1.093970259,1.84834463,1.400951977,0.361339327,0.466539757,0.875532198
Baseline,34,10.4813589,1.196450976,1.21569638,2.067147556,1.555940347,0.488469526,0.589089826,0.929784401
Baseline,35,10.41499189,1.173474979,1.185256315,2.012431483,1.517182387,0.456678063,0.558443716,0.916217547
Baseline,36,10.50486782,1.204589672,1.226479043,2.086529413,1.569669425,0.49973089,0.599945476,0.934590134
Baseline,37,10.34167356,1.148092459,1.151627935,1.951984408,1.47436489,0.421556738,0.52458771,0.90122969
Baseline,38,10.00855553,1.032768301,0.998839143,1.677346274,1.279825825,0.261984829,0.37076471,0.833133142
Baseline,39,10.44557391,1.184062353,1.199283142,2.037644731,1.535042113,0.471327616,0.572565489,0.922469173
Baseline,40,10.49116808,1.199846876,1.220195484,2.075234705,1.561668853,0.49316837,0.593619385,0.93178961
Baseline,41,10.35402761,1.152369381,1.157294274,1.962169664,1.481579585,0.427474637,0.530292405,0.903755125
Baseline,42,10.39647398,1.167064149,1.176762838,1.997164444,1.506368028,0.447807515,0.549892749,0.912432083
Baseline,43,10.38862584,1.164347153,1.173163189,1.990694068,1.501784757,0.444048058,0.546268734,0.910827753
Baseline,44,10.20009767,1.099079441,1.086692367,1.835262605,1.391685365,0.35373833,0.459212601,0.872288509
Baseline,45,10.34153236,1.148043577,1.151563173,1.951867999,1.474282432,0.421489101,0.52452251,0.901200826
Baseline,46,10.0813411,1.057966382,1.032223166,1.737354116,1.322332193,0.296850948,0.404374705,0.848012092
Baseline,47,10.36870073,1.15744916,1.164024289,1.974266878,1.490148608,0.434503433,0.537067974,0.90675463
Baseline,48,10.00647158,1.032046846,0.997883314,1.675628168,1.27860881,0.260986565,0.369802411,0.832707138
Baseline,49,10.1381492,1.077633121,1.058278916,1.784189375,1.355507802,0.324063453,0.430606823,0.859624898
Baseline,50,10.01417513,1.034713786,1.001416646,1.68197934,1.283107643,0.264676761,0.37335966,0.834281911
Baseline,51,10.04155422,1.044192317,1.013974408,1.70455194,1.299096873,0.277792029,0.386002424,0.839878789
Baseline,52,10.4317816,1.179287509,1.192957125,2.026273704,1.526987481,0.464720754,0.566196653,0.919649726
Baseline,53,10.36267402,1.155362734,1.161260059,1.96929817,1.486629039,0.431616484,0.534285033,0.905522638
Baseline,54,10.1597345,1.085105869,1.068179288,1.801985312,1.368113499,0.334403356,0.44057421,0.864037402
Baseline,55,10.4998872,1.202865401,1.224194618,2.082423155,1.56676077,0.497345047,0.597645588,0.933571987
Baseline,56,10.00787557,1.032532902,0.998527272,1.676785685,1.279428733,0.261659112,0.370450728,0.832994144
Baseline,57,10.22508967,1.107731573,1.098155263,1.855867182,1.406280553,0.365710126,0.470753088,0.877397416
Baseline,58,10.19436586,1.09709511,1.084063398,1.830537029,1.388338018,0.350992648,0.456565838,0.871116802
Baseline,59,10.40065208,1.168510592,1.178679178,2.000609068,1.508808016,0.449808932,0.55182206,0.913286178
Baseline,60,10.41659969,1.174031591,1.18599375,2.013757025,1.518121331,0.457448237,0.559186143,0.916546215
Baseline,61,10.08976855,1.060883931,1.036088521,1.744302099,1.327253775,0.300887907,0.408266224,0.849734844
Baseline,62,10.2525008,1.117221198,1.110727722,1.878466201,1.422288497,0.378840744,0.483410649,0.883000844
Baseline,63,10.22876553,1.109004142,1.099841243,1.858897734,1.408427235,0.367470956,0.472450481,0.878148841
Baseline,64,10.33660842,1.146338927,1.149304745,1.94780847,1.471406877,0.419130409,0.522248795,0.900194265
Baseline,65,10.37048377,1.15806644,1.1648421,1.975736896,1.491189891,0.435357552,0.537891321,0.907119121
Baseline,66,10.39483348,1.166496213,1.176010402,1.995811938,1.505409984,0.447021674,0.549135219,0.912096729
Baseline,67,10.13766678,1.077466112,1.058057652,1.783791652,1.355226076,0.323832366,0.430384061,0.859526282
Baseline,68,10.35454742,1.152549338,1.157532693,1.962598222,1.481883152,0.42772364,0.530532437,0.903861386
Baseline,69,10.34132826,1.147972919,1.15146956,1.95169973,1.47416324,0.421391332,0.524428264,0.901159104
Baseline,70,10.07673411,1.056371458,1.030110109,1.733555892,1.319641733,0.294644081,0.402247345,0.847070322
Baseline,71,10.05330193,1.048259331,1.019362647,1.714237309,1.305957475,0.283419481,0.391427135,0.842280277
Baseline,72,10.25712107,1.118820717,1.112846866,1.882275367,1.424986708,0.381053969,0.485544138,0.883945327
Baseline,73,10.50500296,1.204636457,1.226541026,2.086640828,1.569748345,0.499795625,0.600007879,0.934617759
Baseline,74,10.17224532,1.089437064,1.073917532,1.812299815,1.375419745,0.340396351,0.446351295,0.866594884
Baseline,75,10.30381112,1.134984631,1.13426185,1.920768839,1.452253439,0.403419679,0.507104076,0.893489787
Baseline,76,10.10961465,1.067754573,1.045191186,1.760664156,1.338843787,0.310394688,0.417430504,0.853791818
Baseline,77,10.39299624,1.16586017,1.175167731,1.994297236,1.50433705,0.446141593,0.548286845,0.911721159
Baseline,78,10.12642191,1.073573181,1.052900049,1.774520851,1.348659133,0.318445789,0.425191547,0.857227586
Baseline,79,10.2612005,1.120233,1.114717949,1.88563864,1.427369073,0.383008119,0.487427885,0.884779251
Baseline,80,10.36495636,1.156152872,1.162306884,1.97117984,1.487961914,0.432709783,0.535338944,0.905989198
Baseline,81,10.46801746,1.191832223,1.209577161,2.05614825,1.548149023,0.482078643,0.582929188,0.927057122
Baseline,82,10.50475983,1.204552287,1.226429512,2.086440381,1.569606359,0.49967916,0.59989561,0.934568059
Baseline,83,10.28336711,1.127906994,1.124884945,1.903913836,1.44031425,0.393626483,0.497663701,0.889310587
Baseline,84,10.06384665,1.051909869,1.024199112,1.722930865,1.312115528,0.288470664,0.396296338,0.844435845
Baseline,85,10.069579,1.053894386,1.026828327,1.727656884,1.315463189,0.291216604,0.39894335,0.845607662
Baseline,86,10.1277184,1.07402202,1.053494699,1.775589736,1.349416275,0.319066839,0.425790223,0.857492617
Baseline,87,10.44105443,1.182497728,1.197210228,2.033918664,1.532402765,0.469162674,0.570478544,0.921545295
Baseline,88,10.12598515,1.073421977,1.052699723,1.774160765,1.348404068,0.31823657,0.424989866,0.857138303
Baseline,89,10.42685329,1.177581349,1.190696695,2.022210578,1.524109378,0.462359971,0.563920922,0.918642274
Baseline,90,10.12020571,1.071421157,1.05004891,1.769395924,1.345028907,0.315468073,0.422321109,0.85595686
Baseline,91,10.48862703,1.198967175,1.219030001,2.073139746,1.560184896,0.491951145,0.592446012,0.931270165
Loose Knife,92,10.26597528,2.214642738,1.526603804,1.093938465,1.767487741,1.870601412,1.10367128,2.744549996
Loose Knife,93,10.30640567,2.257653909,1.617702472,1.120418745,1.821377379,1.964238516,1.157245092,2.845116848
Loose Knife,94,9.960649686,1.889827365,0.83863723,0.893962465,1.360519449,1.16346486,0.699088058,1.985080795
Loose Knife,95,10.3097726,2.261235763,1.625288924,1.122623951,1.825865163,1.972036362,1.161706575,2.853491785
Loose Knife,96,10.18501331,2.128512743,1.344178454,1.040911627,1.659573584,1.683092836,0.996389562,2.54316458
Loose Knife,97,9.947576746,1.875919943,0.809180983,0.885400214,1.343094535,1.133187825,0.681765265,1.952563064
Loose Knife,98,10.02791423,1.961385595,0.990199237,0.938018041,1.450176321,1.319250097,0.788219489,2.15239514
Loose Knife,99,10.14706488,2.088141954,1.258672178,1.016056927,1.608992139,1.595203953,0.946104554,2.448771355
Loose Knife,100,10.32936486,2.282078648,1.669434643,1.135456093,1.85197967,2.017412188,1.187668036,2.902225713
Loose Knife,101,10.33264202,2.285564996,1.676818808,1.137602499,1.856347791,2.025002111,1.192010557,2.910377339
Loose Knife,102,9.974246431,1.904292028,0.869273724,0.902867786,1.378642541,1.194955031,0.717104939,2.018901441
Loose Knife,103,10.33517446,2.288259088,1.68252496,1.139261146,1.859723279,2.030867263,1.195366263,2.91667655
Loose Knife,104,10.32921397,2.281918121,1.669094642,1.135357262,1.851778542,2.017062714,1.187468087,2.901850375
Loose Knife,105,10.11975892,2.059092977,1.197145764,0.998172619,1.57259604,1.531963125,0.909921757,2.3808503
Loose Knife,106,10.25956312,2.207821264,1.512155763,1.089738753,1.758940967,1.85575078,1.095174595,2.728600322
Loose Knife,107,9.967264433,1.89686435,0.853541729,0.898294858,1.369336241,1.178784668,0.707853179,2.001534368
Loose Knife,108,10.09151687,2.029048167,1.133510151,0.979675215,1.534952239,1.466554325,0.872498571,2.310600828
Loose Knife,109,10.3108202,2.262350226,1.627649381,1.123310082,1.827261497,1.974462593,1.163094726,2.856097572
Loose Knife,110,10.25597899,2.204008353,1.504079927,1.087391294,1.754163687,1.847449914,1.090425312,2.719685138
Loose Knife,111,10.33024638,2.283016435,1.671420897,1.136033451,1.853154643,2.019453789,1.188836124,2.904418405
Loose Knife,112,10.19539367,2.139555709,1.367567717,1.047710346,1.673409559,1.707133833,1.01014445,2.568984766
Loose Knife,113,9.92012745,1.846718483,0.747331606,0.867422028,1.306507386,1.069615034,0.645392538,1.884285478
Loose Knife,114,10.2812499,2.230892375,1.561020915,1.103942725,1.787847267,1.905977545,1.123911486,2.782544191
Loose Knife,115,10.31892584,2.270973275,1.645913202,1.128618953,1.838065504,1.993235329,1.173835416,2.876259611
Loose Knife,116,10.20560222,2.150415899,1.390569852,1.054396536,1.687016528,1.730776916,1.023671674,2.594377589
Loose Knife,117,10.24067704,2.187729633,1.469601216,1.077369129,1.733767722,1.812010464,1.070148879,2.681622942
Loose Knife,118,10.23419186,2.180830492,1.454988674,1.0731216,1.725123638,1.796990749,1.061555455,2.665491671
Loose Knife,119,10.07840493,2.015099252,1.103966023,0.971087419,1.517475339,1.436186959,0.855124096,2.277986082
Loose Knife,120,10.195277,2.139431586,1.36730482,1.047633928,1.673254042,1.706863611,1.009989844,2.568694545
Loose Knife,121,9.980272528,1.910702788,0.882851864,0.906814638,1.386674723,1.208911522,0.725090047,2.033890802
Loose Knife,122,10.2177271,2.163314743,1.417889907,1.062337845,1.703177773,1.758858236,1.039738205,2.624537107
Loose Knife,123,9.918405415,1.844886526,0.743451479,0.866294164,1.304212087,1.065626787,0.643110691,1.880002076
Loose Knife,124,10.0272149,1.960641618,0.988623477,0.937560004,1.449244176,1.317630429,0.787292807,2.150655606
Loose Knife,125,9.924771112,1.851658563,0.757794812,0.87046344,1.31269692,1.080369793,0.651545798,1.895836159
Loose Knife,126,9.947395334,1.875726952,0.808772223,0.885281397,1.342852732,1.132767675,0.681524879,1.95211182
Loose Knife,127,10.26985287,2.218767838,1.535340863,1.096478127,1.77265617,1.879581927,1.108809418,2.754195127
Loose Knife,128,10.21274703,2.158016779,1.406668696,1.059076098,1.696539838,1.747324349,1.033139172,2.612149638
Loose Knife,129,10.04505153,1.979616816,1.028813391,0.949242284,1.473018617,1.358940222,0.810927916,2.19502259
Loose Knife,130,10.32613073,2.278638073,1.662147423,1.133337866,1.847668897,2.009921912,1.183382527,2.894181109
Loose Knife,131,9.919565579,1.846120746,0.746065585,0.867054025,1.305758468,1.068313736,0.644648009,1.882887876
Loose Knife,132,10.09905663,2.037069206,1.1504989,0.984613452,1.545001975,1.484016461,0.882489409,2.329355274
Loose Knife,133,10.07366855,2.010060533,1.093293898,0.967985279,1.511162217,1.425217458,0.848847972,2.266204767
Loose Knife,134,10.24412954,2.191402517,1.477380471,1.079630379,1.738369559,1.820006486,1.074723747,2.69021072
Loose Knife,135,10.25730756,2.205421733,1.507073498,1.088261456,1.755934541,1.8505269,1.092185788,2.722989841
Loose Knife,136,9.987236401,1.918111184,0.89854302,0.911375695,1.395956864,1.225039907,0.73431779,2.051212791
Loose Knife,137,10.12170733,2.061165765,1.201535977,0.999448752,1.575193081,1.53647567,0.912503578,2.385696802
Loose Knife,138,10.10209411,2.04030058,1.157343027,0.986602882,1.549050634,1.491051296,0.886514341,2.336910733
Loose Knife,139,10.19120819,2.135103049,1.358136879,1.044969019,1.667830724,1.697440208,1.00459831,2.55857375
Loose Knife,140,10.21920048,2.164882172,1.421209759,1.063302849,1.705141639,1.762270594,1.041690561,2.628202001
Loose Knife,141,10.23932144,2.186287501,1.466546747,1.076481265,1.731960844,1.808870884,1.068352591,2.678251012
Loose Knife,142,10.02681627,1.96021754,0.987725269,0.937298916,1.448712839,1.316707192,0.786764584,2.149664045
Loose Knife,143,10.20603176,2.150872855,1.391537698,1.054677866,1.687589059,1.73177173,1.02424085,2.595446025
Loose Knife,144,10.19510834,2.139252167,1.366924807,1.047523467,1.673029244,1.706473008,1.009766364,2.568275036
Loose Knife,145,9.976465618,1.906652872,0.874274048,0.904321265,1.381600494,1.200094687,0.720045557,2.024421464
Loose Knife,146,9.957102854,1.886054129,0.830645427,0.891639432,1.355791878,1.155250368,0.694388194,1.976258378
Loose Knife,147,10.12552521,2.065227348,1.210138506,1.001949309,1.580281928,1.545317905,0.917562601,2.395193419
Loose Knife,148,10.33035805,2.283135233,1.671672513,1.13610659,1.853303487,2.019712416,1.188984095,2.904696173
Loose Knife,149,10.05538963,1.990614817,1.052107415,0.956013319,1.486798254,1.382883327,0.824626796,2.220737639
Loose Knife,150,10.16410671,2.106271618,1.29707123,1.027218645,1.631707192,1.634672984,0.968686483,2.491161348
Loose Knife,151,10.00363588,1.935557484,0.935494693,0.922116693,1.417815715,1.263021227,0.756048535,2.092004972
Loose Knife,152,10.23780327,2.184672427,1.463125983,1.075486928,1.729937282,1.805354801,1.066340888,2.674474716
Loose Knife,153,10.01752426,1.950332403,0.966788317,0.931213027,1.436327535,1.295186838,0.774451865,2.126551046
Loose Knife,154,10.12889617,2.068813492,1.217734041,1.004157156,1.584775085,1.553125088,0.922029426,2.403578384
Loose Knife,155,10.214633,2.16002314,1.410918214,1.060311335,1.699053651,1.751692279,1.035638253,2.616840823
Loose Knife,156,10.29979574,2.250622043,1.602808814,1.116089502,1.812567,1.948929851,1.148486347,2.828675244
Loose Knife,157,10.33015714,2.282921503,1.671219829,1.135975005,1.853035701,2.019247118,1.188717878,2.904196439
Loose Knife,158,10.14721317,2.088299706,1.2590063,1.016154049,1.60918979,1.595547386,0.946301046,2.449140204
Loose Knife,159,9.965816292,1.89532377,0.850278743,0.897346384,1.367406014,1.175430761,0.705934264,1.997932249
Loose Knife,160,9.970553119,1.900362962,0.86095187,0.900448815,1.373719728,1.186401291,0.712210976,2.009714669
Loose Knife,161,10.01859559,1.951472118,0.969202262,0.931914705,1.437755509,1.297668047,0.775871471,2.12921588
Loose Knife,162,10.27751531,2.226919397,1.552606056,1.101496719,1.782869436,1.897328208,1.118962829,2.773254747
Loose Knife,163,10.01716335,1.949948456,0.965975109,0.930976646,1.435846479,1.294350971,0.773973629,2.125653319
Loose Knife,164,10.26578045,2.214435466,1.526164797,1.093810856,1.767228046,1.870150172,1.103413106,2.744065362
Loose Knife,165,10.01238761,1.944867869,0.955214306,0.927848729,1.4294809,1.283290321,0.767645356,2.11377411
Loose Knife,166,10.31682609,2.268739492,1.641181997,1.127243701,1.835266749,1.988372291,1.171053063,2.871036678
No Belt,167,10.76575818,3.075844613,3.577776136,1.881126051,1.151085039,0.465580903,0.622585789,0.71761143
No Belt,168,10.85517259,3.165139358,3.649978864,1.94453223,1.184537889,0.498193414,0.658086073,0.754840821
No Belt,169,10.09051088,2.401501047,3.032509506,1.402289945,0.898453,0.219295007,0.354491761,0.436459382
No Belt,170,10.86261879,3.172575585,3.655991713,1.949812526,1.187323752,0.500909296,0.661042442,0.757941185
No Belt,171,10.58670555,2.897031621,3.433189961,1.754154993,1.08409561,0.400274255,0.551496366,0.643059464
No Belt,172,10.06159923,2.372628088,3.009163156,1.38178791,0.887636208,0.208749934,0.343012942,0.424421465
No Belt,173,10.23927078,2.550061846,3.152634099,1.507779607,0.95410893,0.273552854,0.413554033,0.498398392
No Belt,174,10.50278013,2.813218527,3.365419634,1.694641211,1.052696374,0.369663771,0.518175384,0.608115521
No Belt,175,10.90594833,3.215847137,3.690980604,1.980538676,1.203534747,0.516713069,0.678245608,0.775982264
No Belt,176,10.91319597,3.223085082,3.696833125,1.985678177,1.206246328,0.519356535,0.681123147,0.778999959
No Belt,177,10.12058097,2.431530882,3.056791294,1.423613451,0.909703198,0.230262599,0.366430512,0.448979631
No Belt,178,10.91879663,3.228678241,3.701355691,1.989649753,1.208341716,0.521399286,0.68334678,0.781331898
No Belt,179,10.90561461,3.215513869,3.690711127,1.98030203,1.203409894,0.516591352,0.678113113,0.775843316
No Belt,180,10.44239123,2.75291045,3.316655201,1.65181781,1.030102917,0.347637864,0.494199126,0.582971454
No Belt,181,10.75157726,3.061682669,3.566324948,1.871069976,1.145779494,0.460408633,0.616955525,0.711706933
No Belt,182,10.10513983,2.416110409,3.044322472,1.412663722,0.903926164,0.224630685,0.360299903,0.442550419
No Belt,183,10.37993213,2.690534939,3.266219064,1.607526371,1.006734929,0.324856882,0.469400933,0.556965419
No Belt,184,10.8649356,3.1748893,3.657862558,1.951455443,1.188190549,0.501754318,0.661962289,0.758905836
No Belt,185,10.74365073,3.05376675,3.559924224,1.86544906,1.142813921,0.457517556,0.613808449,0.708406572
No Belt,186,10.90789786,3.21779406,3.692554864,1.981921141,1.204264131,0.517424131,0.679019633,0.776793989
No Belt,187,10.60966239,2.919957733,3.451727757,1.770434306,1.092684512,0.408647403,0.560610939,0.652617979
No Belt,188,10.00089334,2.312003443,2.960142749,1.338739721,0.864924154,0.186608408,0.318910828,0.399145413
No Belt,189,10.79953898,3.109580201,3.605054354,1.905080929,1.163723538,0.477901922,0.63599781,0.731676708
No Belt,190,10.88286176,3.192791464,3.672338046,1.964167364,1.194897308,0.508292603,0.669079526,0.766369731
No Belt,191,10.63223925,2.942504384,3.469958726,1.786444172,1.101131254,0.416881962,0.569574653,0.662018287
No Belt,192,10.70980947,3.019970781,3.532597184,1.841451308,1.130152801,0.445174485,0.600372423,0.69431612
No Belt,193,10.69546709,3.005647595,3.521015616,1.831280737,1.124786849,0.439943326,0.594678055,0.688344397
No Belt,194,10.35093422,2.66157584,3.242803062,1.58696317,0.995885865,0.314280348,0.457887868,0.544891588
No Belt,195,10.60940435,2.919700042,3.451519391,1.770251325,1.092587972,0.408553288,0.560508491,0.652510541
No Belt,196,10.13390807,2.44484015,3.067553018,1.433064061,0.914689303,0.235123452,0.371721784,0.454528624
No Belt,197,10.65905421,2.969283452,3.491611979,1.805459382,1.111163604,0.426662298,0.580221018,0.673183203
No Belt,198,9.997084949,2.308200149,2.957067448,1.336039088,0.86349931,0.185219357,0.31739878,0.397559717
No Belt,199,10.23772415,2.548517289,3.151385188,1.506682852,0.953530286,0.272988746,0.412939975,0.497754424
No Belt,200,10.0111631,2.322259458,2.968435648,1.346022285,0.868766406,0.190354143,0.32298824,0.403421423
No Belt,201,10.06119803,2.372227422,3.008839182,1.381503406,0.887486105,0.208603601,0.342853652,0.424254417
No Belt,202,10.7743337,3.084408662,3.58470093,1.887207189,1.154293424,0.468708693,0.625990538,0.721182013
No Belt,203,10.64804046,2.958284441,3.482718302,1.797649234,1.107043,0.422645204,0.575848219,0.668597419
No Belt,204,10.27717103,2.587911369,3.183238798,1.534655696,0.968288648,0.287376376,0.428601602,0.51417888
No Belt,205,10.89879584,3.208704218,3.68520492,1.97546665,1.200858767,0.51410431,0.675405848,0.773004188
No Belt,206,9.999650726,2.310762492,2.95913933,1.33785855,0.864459251,0.186155184,0.318417472,0.398628027
No Belt,207,10.39660679,2.70718728,3.27968396,1.619350822,1.012973462,0.330938703,0.476021287,0.56390823
No Belt,208,10.3404594,2.651115042,3.234344578,1.579535194,0.991966894,0.310459822,0.453729042,0.540530199
No Belt,209,10.7174449,3.027595992,3.538762844,1.846865798,1.133009465,0.447959389,0.603403925,0.697495277
No Belt,210,10.74658895,3.056701042,3.562296861,1.867532635,1.143913207,0.458589228,0.614975015,0.709629958
No Belt,211,10.14930912,2.460220591,3.07998947,1.443985365,0.920451339,0.240740746,0.377836478,0.460941146
No Belt,212,10.44670028,2.757213729,3.320134784,1.654873471,1.031715071,0.349209521,0.49590995,0.584765607
No Belt,213,10.40332438,2.71389588,3.285108458,1.624114447,1.015486732,0.333388839,0.478688378,0.566705226
No Belt,214,10.60040591,2.910713643,3.44425309,1.763870287,1.089221361,0.405271247,0.556935832,0.648763868
No Belt,215,10.66231268,2.972537564,3.494243217,1.807770054,1.112382705,0.427850775,0.581514733,0.674539931
No Belt,216,10.70681147,3.016976796,3.530176282,1.839325347,1.129031153,0.444081013,0.599182126,0.693067847
No Belt,217,10.23684255,2.547636868,3.150673289,1.506057684,0.95320045,0.272667195,0.412589952,0.497387353
No Belt,218,10.6331892,2.943453064,3.470725818,1.787117809,1.101486662,0.417228442,0.569951813,0.662413817
No Belt,219,10.60903136,2.919327554,3.451218201,1.76998683,1.092448425,0.408417247,0.560360403,0.65235524
No Belt,220,10.12548884,2.436432189,3.060754436,1.427093759,0.911539395,0.23205267,0.36837909,0.451023119
No Belt,221,10.08266684,2.393667496,3.026175385,1.396727518,0.895518286,0.216434013,0.351377432,0.433193363
No Belt,222,10.45514376,2.765645911,3.326952952,1.660860973,1.034874054,0.35228915,0.499262274,0.588281212
No Belt,223,10.90814482,3.218040693,3.692754289,1.98209627,1.204356528,0.517514207,0.679117685,0.776896817
No Belt,224,10.30003439,2.610744128,3.201701111,1.550868722,0.976842577,0.295715429,0.437679061,0.523698475
No Belt,225,10.54046925,2.850857208,3.395853849,1.721367586,1.066797104,0.38341029,0.533139129,0.623808103
No Belt,226,10.18557763,2.496440553,3.109276524,1.46970434,0.934020569,0.253969115,0.392236193,0.476042226
No Belt,227,10.70345395,3.013623769,3.527465061,1.836944438,1.127774995,0.442856409,0.597849086,0.691669879
No Belt,228,10.21629269,2.527114506,3.134079138,1.49148522,0.945512075,0.265171953,0.404431021,0.488831026
No Belt,229,10.46259887,2.773091041,3.332973,1.666147591,1.037663253,0.355008284,0.502222182,0.591385288
No Belt,230,10.65221141,2.962449811,3.486086374,1.800606969,1.108603489,0.424166494,0.577504216,0.670334074
No Belt,231,10.84055429,3.150540623,3.638174491,1.934165998,1.179068706,0.492861617,0.652282157,0.748754214
No Belt,232,10.90770051,3.217596973,3.692395502,1.981781195,1.204190296,0.51735215,0.678941278,0.776711818
No Belt,233,10.50310808,2.813546033,3.365684452,1.694873765,1.052819069,0.369783384,0.518305588,0.608252067
No Belt,234,10.10193717,2.412912037,3.041736304,1.41039263,0.902727945,0.223462565,0.359028348,0.441216932
No Belt,235,10.11241297,2.423373815,3.050195581,1.417821303,0.906647284,0.227283449,0.363187564,0.44557873
No Belt,236,10.218662,2.52948065,3.135992375,1.493165365,0.946398513,0.266036124,0.405371712,0.489817535
No Belt,237,10.79127969,3.101331971,3.598384928,1.899224048,1.160633471,0.474889477,0.632718619,0.728237798
No Belt,238,10.21549451,2.526317401,3.133434608,1.490919213,0.945213453,0.264880832,0.404114121,0.488498691
No Belt,239,10.76532729,3.075414299,3.577428189,1.880820495,1.150923829,0.465423743,0.622414713,0.71743202
No Belt,240,10.20493266,2.515769681,3.12490584,1.483429516,0.941261918,0.26102856,0.399920739,0.484101062
No Belt,241,10.87821802,3.188153946,3.668588201,1.960874368,1.193159936,0.506598874,0.667235821,0.764436225
No Knife,242,9.930947673,1.059921502,1.490303812,1.244360457,0.686185648,0.369760541,0.729030152,0.518603716
No Knife,243,10.02179138,1.099468683,1.501315039,1.28299296,0.708686421,0.392774896,0.754386758,0.535373167
No Knife,244,9.244906558,0.761265776,1.407148299,0.952612273,0.51626242,0.195958802,0.53754,0.391962764
No Knife,245,10.0293566,1.102762066,1.502232025,1.286210171,0.710560225,0.39469147,0.756498388,0.536769682
No Knife,246,9.749032889,0.980728156,1.468253797,1.166998756,0.641127784,0.323674228,0.678253473,0.48502284
No Knife,247,9.215532752,0.748478415,1.40358788,0.940120669,0.50898692,0.188517238,0.529341083,0.386540456
No Knife,248,9.396044378,0.827060922,1.425467818,1.016885658,0.553697241,0.234248075,0.579726108,0.419862313
No Knife,249,9.663765925,0.943608708,1.45791853,1.130737836,0.620008295,0.302072685,0.654453465,0.469282837
No Knife,250,10.07337876,1.121926328,1.507567981,1.304931187,0.721463928,0.40584405,0.768786006,0.54489603
No Knife,251,10.08074226,1.125131896,1.508460516,1.308062614,0.723287768,0.40770952,0.770841331,0.546255308
No Knife,252,9.275457308,0.774565499,1.410851377,0.96560439,0.523829433,0.203698532,0.546067431,0.397602333
No Knife,253,10.08643244,1.127609014,1.509150227,1.31048244,0.72469715,0.409151071,0.772429594,0.547305696
No Knife,254,10.07303971,1.121778729,1.507526885,1.304787002,0.72137995,0.405758156,0.76869137,0.544833442
No Knife,255,9.60241171,0.916899248,1.450481743,1.104646133,0.604811675,0.2865292,0.637328066,0.457957049
No Knife,256,9.916540068,1.053649409,1.488557456,1.23823343,0.682617077,0.366110517,0.725008652,0.515944119
No Knife,257,9.259769342,0.767736023,1.408949828,0.958932872,0.519943733,0.199724141,0.541688552,0.394706386
No Knife,258,9.538954198,0.889274156,1.442790015,1.077659975,0.589094096,0.270452867,0.619615587,0.446242999
No Knife,259,10.03171045,1.103786773,1.502517336,1.287211178,0.711143242,0.395287794,0.757155403,0.537204195
No Knife,260,9.908486835,1.050143578,1.487581318,1.234808684,0.680622398,0.36407031,0.722760806,0.514457518
No Knife,261,10.07535946,1.122788588,1.507808063,1.305773504,0.721954519,0.40634584,0.769338865,0.54526166
No Knife,262,9.77235669,0.990881755,1.47108089,1.176917515,0.646904778,0.329583082,0.684763692,0.489328338
No Knife,263,9.153856477,0.721628752,1.396112057,0.913892006,0.49371053,0.172892163,0.512125789,0.375155217
No Knife,264,9.965268458,1.074862442,1.494463858,1.258955831,0.694686449,0.378455373,0.738609887,0.524939221
No Knife,265,10.04992315,1.111715348,1.504724911,1.294956374,0.715654286,0.399901803,0.762238996,0.540566201
No Knife,266,9.795294449,1.000867298,1.473861192,1.186672104,0.652586155,0.335394137,0.691166158,0.493562573
No Knife,267,9.874104621,1.035175897,1.483413827,1.220187187,0.672106383,0.355359916,0.713163924,0.508110674
No Knife,268,9.859532977,1.028832392,1.481647588,1.2139904,0.668497181,0.351668334,0.709096637,0.505420796
No Knife,269,9.509492757,0.876448645,1.439218973,1.065131103,0.58179689,0.262989102,0.611392209,0.440804514
No Knife,270,9.772094529,0.990767628,1.471049114,1.176806028,0.646839845,0.329516667,0.684690517,0.489279944
No Knife,271,9.288997445,0.780459955,1.412492586,0.971362515,0.527183144,0.207128793,0.5498468,0.400101798
No Knife,272,9.822538041,1.012727308,1.477163406,1.198257807,0.659334029,0.342296032,0.698770483,0.498591651
No Knife,273,9.149987209,0.719944336,1.39564306,0.912246548,0.492752164,0.171911922,0.511045786,0.374440963
No Knife,274,9.394473028,0.826376863,1.425277353,1.016217421,0.553308039,0.23384999,0.579287507,0.419572247
No Knife,275,9.164290399,0.726170974,1.39737676,0.918329171,0.496294873,0.175535494,0.515038141,0.377081285
No Knife,276,9.215125136,0.748300967,1.403538473,0.939947325,0.508885959,0.188413973,0.529227308,0.386465211
No Knife,277,9.939660279,1.063714379,1.491359873,1.24806561,0.688343644,0.371967794,0.731462044,0.520212034
No Knife,278,9.811348235,1.007856026,1.475807082,1.193499192,0.656562464,0.339461205,0.695647146,0.49652605
No Knife,279,9.43455046,0.843823856,1.430135166,1.033260886,0.563234684,0.244003211,0.590474058,0.42697041
No Knife,280,10.06611194,1.118762846,1.506687165,1.301840873,0.719664032,0.404003072,0.766757665,0.543554598
No Knife,281,9.152594,0.721079155,1.395959031,0.91335512,0.493397831,0.172572327,0.511773402,0.374922168
No Knife,282,9.555895399,0.896649205,1.444843469,1.084864449,0.593290206,0.274744753,0.624344274,0.44937029
No Knife,283,9.4988505,0.871815728,1.437929018,1.06060534,0.579160945,0.260292991,0.608421706,0.438839988
No Knife,284,9.881862104,1.038552978,1.484354117,1.223486161,0.674027808,0.357325197,0.715329219,0.50954268
No Knife,285,9.911472027,1.051443128,1.487943156,1.236078178,0.681361791,0.364826579,0.723594043,0.515008575
No Knife,286,9.304644685,0.787271701,1.414389199,0.978016713,0.531058757,0.211092866,0.554214312,0.402990228
No Knife,287,9.606789635,0.9188051,1.451012395,1.106507905,0.605896029,0.287638305,0.638550048,0.4587652
No Knife,288,9.56272037,0.899620334,1.445670729,1.087766859,0.59498066,0.276473792,0.626249283,0.450630157
No Knife,289,9.762952247,0.986787699,1.469940971,1.17291815,0.644575423,0.32720056,0.682138692,0.487592308
No Knife,290,9.825848601,1.014168501,1.477564681,1.199665667,0.660154011,0.34313473,0.699694538,0.49920277
No Knife,291,9.871058702,1.03384991,1.483044629,1.218891869,0.671351949,0.354588262,0.712313737,0.507548407
No Knife,292,9.393577334,0.825986939,1.425168786,1.015836515,0.553086187,0.233623074,0.579037498,0.419406905
No Knife,293,9.796259585,1.001287453,1.473978177,1.187082542,0.652825206,0.335638645,0.69143555,0.493740734
No Knife,294,9.77171558,0.990602659,1.471003181,1.176644874,0.646745984,0.329420663,0.684584743,0.489209991
No Knife,295,9.280443636,0.776736207,1.411455773,0.967724893,0.52506448,0.204961769,0.547459232,0.398522793
No Knife,296,9.236937122,0.757796425,1.406182319,0.949223164,0.514288497,0.193939824,0.535315544,0.390491633
No Knife,297,9.615368087,0.922539575,1.452052195,1.110156007,0.608020797,0.289811571,0.640944494,0.460348754
No Knife,298,10.07561037,1.122897818,1.507838476,1.305880208,0.722016667,0.406409406,0.7694089,0.545307977
No Knife,299,9.45777929,0.853936112,1.432950749,1.043139257,0.568988155,0.249888005,0.596957768,0.431258376
No Knife,300,9.702057508,0.960278264,1.462559878,1.147021845,0.629492609,0.311773479,0.665141543,0.476351338
No Knife,301,9.341492939,0.803312929,1.418855601,0.993686927,0.540185578,0.220428007,0.564499523,0.409792295
No Knife,302,9.867647511,1.032364909,1.482631156,1.217441214,0.670507043,0.35372407,0.711361593,0.506918712
No Knife,303,9.37269898,0.816897921,1.422638106,1.006957715,0.547914897,0.228333749,0.57320986,0.415552829
No Knife,304,9.622942365,0.925836902,1.452970278,1.11337707,0.609896844,0.291730439,0.643058653,0.461746941
No Knife,305,9.81558586,1.009700801,1.476320728,1.195301299,0.657612067,0.340534766,0.696829967,0.497308301
No Knife,306,10.0069394,1.093003142,1.499514821,1.276676959,0.705007785,0.389012295,0.750241225,0.532631541
No Knife,307,10.07515895,1.122701302,1.507783759,1.305688237,0.721904857,0.406295044,0.769282899,0.545224647
No Knife,308,9.664099112,0.943753755,1.457958915,1.130879528,0.620090821,0.302157094,0.654546465,0.469344342
No Knife,309,9.256515489,0.766319517,1.408555426,0.957549127,0.519137797,0.19889981,0.540780325,0.394105735
No Knife,310,9.267158744,0.770952867,1.409845502,0.962075314,0.52177399,0.201596173,0.543751107,0.396070445
No Knife,311,9.375106168,0.817945847,1.422929883,1.007981404,0.548511126,0.228943587,0.573881763,0.415997188
No Knife,312,9.95687715,1.071209436,1.493446741,1.255387315,0.692608034,0.376329518,0.736267677,0.523390212
No Knife,313,9.371888048,0.816544896,1.422539813,1.006612855,0.54771404,0.228128308,0.57298351,0.415403133
No Knife,314,9.930509895,1.059730923,1.490250748,1.244174286,0.686077216,0.369649634,0.728907958,0.518522903
No Knife,315,9.361157361,0.811873484,1.421239139,1.002049487,0.545056193,0.225409794,0.569988324,0.413422284
No Knife,316,10.04520519,1.109661467,1.504153043,1.292949998,0.71448571,0.398706554,0.760922102,0.53969528